code,cat_code,source_channel_quantity_152bf0ce464047b9499ccb9e5b9b77a8,source_channel_quantity_3ab2427543039f8c9f17d06f6f65a3a7,source_channel_quantity_5a97b8efd901c1d28ff86522b95babb9,source_channel_quantity_67c19e107de33cab7ea9a9db8bc9ccd2,source_channel_quantity_7261d300057219056592010c7bdaf5ee,source_channel_quantity_98defd6ee70dfb1dea416cecdf391f58,source_channel_quantity_9d3e0fcbc1f16d80a76026e8f1c26002,source_channel_quantity_a578e71c3216f513a84ec6a46084fd3a,source_channel_quantity_af082bb0c2fa1414655017d464aa0262,source_channel_quantity_ea2912716be1999ab62d5b9dfa4f58f9,month_quantity_1,month_quantity_2,month_quantity_4,month_quantity_5,month_quantity_6,month_quantity_7,month_quantity_8,month_quantity_9,month_quantity_10,month_quantity_11,month_quantity_12,perc_pis_cofins_quantity_0.0,perc_pis_cofins_quantity_9.25,kmeans_cluster,hc_cluster
e6762ba2ffbca07ab6cee7551caeaad5,1,0.04878048780487805,0.0,0.0,0.0,0.024390243902439025,0.04878048780487805,0.14634146341463414,0.14634146341463414,0.0,0.0,0.0975609756097561,0.024390243902439025,0.0975609756097561,0.12195121951219512,0.12195121951219512,0.0,0.0,0.024390243902439025,0.2682926829268293,0.07317073170731707,0.12195121951219512,0.0,1.0,8,4
d408e1b5e841dde4e15a4cfa182e3812,5,0.0136986301369863,0.0,0.0273972602739726,0.0,0.0,0.0410958904109589,0.0410958904109589,0.0821917808219178,0.0,0.0273972602739726,0.2465753424657534,0.0410958904109589,0.0136986301369863,0.0684931506849315,0.0,0.0821917808219178,0.0684931506849315,0.0,0.0,0.1917808219178082,0.1643835616438356,0.0,1.0,1,5
29424aaf6e27a8dbe4b7273a0a39131d,5,0.03409090909090909,0.0,0.0,0.0,0.0,0.017045454545454544,0.05113636363636364,0.2102272727272728,0.0,0.05113636363636364,0.09090909090909093,0.23863636363636365,0.19886363636363635,0.14772727272727273,0.0,0.0,0.0,0.0,0.0,0.0,0.005681818181818182,0.005681818181818182,0.9943181818181818,1,5
723f73c85e91fc31d147dfade389d4f9,0,0.034136546184738964,0.0,0.002008032128514056,0.0,0.034136546184738964,0.04417670682730924,0.0783132530120482,0.11646586345381528,0.004016064257028112,0.018072289156626502,0.052208835341365466,0.060240963855421686,0.058232931726907626,0.0823293172690763,0.0823293172690763,0.1465863453815261,0.08433734939759037,0.07028112449799198,0.0823293172690763,0.13453815261044175,0.07429718875502007,0.0,1.0,0,1
54209126056016c7c391c0c8fd8e6eff,0,0.013793103448275862,0.0,0.0,0.0,0.0,0.02413793103448276,0.07931034482758621,0.09655172413793103,0.006896551724137931,0.0206896551724138,0.1482758620689655,0.07586206896551724,0.09655172413793103,0.1310344827586207,0.006896551724137931,0.006896551724137931,0.0,0.0,0.0,0.2,0.2275862068965517,0.0,1.0,0,1
c443d252c048280160fc427766d9f1f4,0,0.014388489208633094,0.0,0.0,0.0,0.007194244604316547,0.007194244604316547,0.07913669064748201,0.2014388489208633,0.007194244604316547,0.04316546762589928,0.10071942446043164,0.02158273381294964,0.07194244604316546,0.2589928057553957,0.014388489208633094,0.007194244604316547,0.0,0.007194244604316547,0.03597122302158273,0.17266187050359713,0.2302158273381295,0.0,1.0,0,1
374e1947dcb8f4848f4ada6f04921edd,0,0.020895522388059702,0.0029850746268656717,0.005970149253731343,0.0,0.0,0.01791044776119403,0.08955223880597014,0.13432835820895522,0.011940298507462687,0.023880597014925373,0.191044776119403,0.10746268656716418,0.09850746268656717,0.1701492537313433,0.0,0.0,0.0,0.0,0.0,0.20597014925373133,0.07164179104477612,0.0,1.0,0,1
60424117a2618c7184687046fa5693c4,0,0.0,0.0,0.0,0.0,0.014705882352941175,0.02205882352941177,0.036764705882352935,0.2647058823529412,0.029411764705882363,0.0661764705882353,0.1176470588235294,0.07352941176470587,0.05882352941176471,0.125,0.0,0.0,0.0,0.08823529411764706,0.125,0.1323529411764706,0.19117647058823528,0.014705882352941175,0.9852941176470588,0,1
193628b6634713730d3c506f2da0ff58,0,0.014236001265422337,0.00347991142043657,0.002214489085732363,0.0009490667510281556,0.010439734261309713,0.01676684593483075,0.02657386902878836,0.06390382790256248,0.004112622587788674,0.01803226826953496,0.1578614362543499,0.06738373932299906,0.16450490351154698,0.1505852578298007,0.016450490351154697,0.05947484973109776,0.03385004745333755,0.040809870294210696,0.04334071496361911,0.06485289465359062,0.05947484973109776,0.00347991142043657,0.9965200885795634,0,1
d4592ab52cb9cd5af0510943a4c8e28c,0,0.01282051282051282,0.0010683760683760683,0.0,0.0,0.0,0.013888888888888888,0.02991452991452992,0.14957264957264954,0.00641025641025641,0.03098290598290598,0.17414529914529914,0.09294871794871797,0.1517094017094017,0.20405982905982906,0.008547008547008548,0.0,0.0,0.002136752136752137,0.0405982905982906,0.07478632478632477,0.08867521367521368,0.008547008547008548,0.9914529914529916,0,1
5fb59bee157577ee04a269e52af88598,0,0.009950248756218905,0.01492537313432836,0.0,0.0,0.01990049751243781,0.02155887230514096,0.03980099502487562,0.05306799336650083,0.009950248756218905,0.009950248756218905,0.04809286898839138,0.05140961857379768,0.04809286898839138,0.20563847429519072,0.03150912106135987,0.04975124378109453,0.061359867330016575,0.09618573797678276,0.05306799336650083,0.25207296849087896,0.05970149253731344,0.003316749585406302,0.9966832504145936,0,1
2ab0e87dbce6ac45502aa1d2a8265933,0,0.0052770448548812654,0.0,0.0,0.0026385224274406327,0.02902374670184697,0.0158311345646438,0.02638522427440633,0.15567282321899736,0.0052770448548812654,0.0395778364116095,0.1108179419525066,0.0633245382585752,0.0712401055408971,0.10026385224274406,0.036939313984168866,0.07387862796833773,0.058047493403693924,0.07387862796833773,0.07387862796833773,0.1503957783641161,0.06596306068601583,0.0026385224274406327,0.9973614775725592,0,1
32ceebf3efea1d04ace4183d20d4da5b,0,0.03758212877792379,0.029434954007884363,0.03745072273324573,0.0,0.014454664914586069,0.042706964520367936,0.142838370565046,0.09513797634691196,0.007095926412614979,0.01392904073587385,0.14060446780551905,0.029434954007884363,0.01747700394218134,0.14021024967148488,0.0542706964520368,0.05532194480946123,0.07161629434954007,0.09461235216819974,0.14888304862023652,0.07687253613666227,0.04152431011826544,0.0007884362680683312,0.9992115637319317,0,1
760693745e10b0c5e68c42214c729b0d,0,0.0265788831992197,0.007559131919044134,0.001463057790782736,0.000243842965130456,0.033162643257742014,0.03779565959522068,0.11533772250670568,0.1506949524506218,0.005120702267739576,0.031211899536698368,0.07632284808583273,0.014386734942696903,0.0265788831992197,0.2050719336747135,0.03974640331626434,0.057790782735918075,0.07802974884174592,0.09387954157522556,0.17922457937088515,0.0880273104120946,0.034869544013655204,0.001706900755913192,0.9982930992440868,0,1
f5f92c2a12f182115c45288a6ef28e94,0,0.027906976744186046,0.0,0.002325581395348837,0.0,0.02325581395348837,0.06976744186046513,0.060465116279069774,0.060465116279069774,0.002325581395348837,0.0069767441860465115,0.1511627906976744,0.06279069767441861,0.06744186046511629,0.1186046511627907,0.10465116279069768,0.09767441860465116,0.002325581395348837,0.05813953488372092,0.06976744186046513,0.12325581395348838,0.06976744186046513,0.002325581395348837,0.9976744186046512,0,1
6ace63708a91744bea8a68311bb3506c,0,0.0165016501650165,0.0,0.0,0.0,0.0429042904290429,0.026402640264026403,0.0594059405940594,0.10231023102310233,0.0033003300330033004,0.03630363036303631,0.10231023102310233,0.07590759075907591,0.0396039603960396,0.10231023102310233,0.026402640264026403,0.099009900990099,0.1353135313531353,0.0627062706270627,0.0858085808580858,0.15181518151815182,0.04950495049504952,0.0033003300330033004,0.9966996699669968,0,1
ee2b4e97025f5ca840570265c4288c99,0,0.018617021276595744,0.0,0.002659574468085107,0.0,0.02393617021276596,0.031914893617021274,0.08776595744680851,0.10106382978723404,0.010638297872340424,0.026595744680851064,0.06382978723404255,0.06382978723404255,0.12234042553191488,0.15691489361702127,0.125,0.007978723404255319,0.002659574468085107,0.1702127659574468,0.058510638297872335,0.04521276595744681,0.05053191489361702,0.005319148936170214,0.9946808510638298,0,1
525848b647262de5fd7be193b17cdaac,0,0.024154589371980683,0.0,0.0016103059581320447,0.0016103059581320447,0.008051529790660225,0.0322061191626409,0.06602254428341385,0.0998389694041868,0.0,0.02254428341384863,0.05636070853462157,0.0644122383252818,0.05797101449275361,0.12560386473429952,0.0,0.0032206119162640893,0.0322061191626409,0.033816425120772944,0.10628019323671498,0.2898550724637681,0.14170692431561996,0.0032206119162640893,0.996779388083736,0,1
cbeb3a98c1c9b01522db6ee2128ed805,0,0.011547344110854505,0.0,0.0,0.0,0.009237875288683604,0.0184757505773672,0.04387990762124711,0.21939953810623555,0.0046189376443418,0.03233256351039261,0.13394919168591224,0.11316397228637412,0.12009237875288685,0.11547344110854504,0.0,0.0,0.02309468822170901,0.05542725173210162,0.08314087759815242,0.13625866050808313,0.08545034642032333,0.0046189376443418,0.9953810623556582,0,1
09f544ec2a74c89abeec7b0590fc2d11,0,0.008027522935779817,0.0,0.0,0.0,0.01146788990825688,0.03096330275229358,0.041284403669724766,0.07568807339449543,0.006880733944954129,0.016055045871559634,0.13302752293577982,0.002293577981651377,0.0676605504587156,0.09862385321100918,0.0,0.0,0.06651376146788991,0.14908256880733944,0.04357798165137615,0.19839449541284404,0.18807339449541285,0.002293577981651377,0.9977064220183486,0,1
1dbe25b2fd344aed0c444fd6b715525b,0,0.0053475935828877,0.0,0.0,0.0,0.0053475935828877,0.029411764705882363,0.045454545454545456,0.06417112299465241,0.00267379679144385,0.0053475935828877,0.14171122994652408,0.10160427807486633,0.07219251336898395,0.08823529411764706,0.0,0.0,0.0427807486631016,0.11497326203208555,0.05614973262032087,0.13368983957219252,0.12834224598930485,0.0,1.0,0,1
5e4c14883e5a606fac56b2630da5dca7,0,0.005226480836236934,0.010452961672473868,0.01132404181184669,0.0,0.0017421602787456446,0.03310104529616725,0.054878048780487805,0.04878048780487805,0.008710801393728224,0.025261324041811847,0.05313588850174216,0.0,0.006097560975609756,0.13501742160278746,0.0,0.0,0.0,0.04529616724738676,0.171602787456446,0.3118466898954704,0.27439024390243905,0.003484320557491289,0.9965156794425089,0,1
b763aecfcfc8cbac2c3a51488d33480a,0,0.004576659038901603,0.0,0.0,0.0,0.06178489702517163,0.02745995423340961,0.08237986270022883,0.10411899313501144,0.003432494279176201,0.05263157894736842,0.18421052631578946,0.09496567505720824,0.07093821510297482,0.06064073226544622,0.041189931350114416,0.07093821510297482,0.11098398169336383,0.11899313501144165,0.02402745995423341,0.07322654462242563,0.03775743707093822,0.0022883295194508014,0.9977116704805492,0,1
e13f7f001fe2b1af072a3d50d3058284,0,0.021199273167777102,0.013325257419745608,0.004239854633555421,0.0,0.0,0.02786190187764991,0.07510599636583888,0.11265899454875833,0.003028467595396729,0.04482132041187159,0.21986674742580253,0.10841913991520293,0.13930950938824954,0.09630526953361596,0.0,0.0006056935190793457,0.0,0.0,0.08116293155663235,0.14597213809812234,0.0593579648697759,0.0006056935190793457,0.9993943064809206,0,1
453d427550d3816e446d4882bf67a75f,0,0.008130081300813009,0.0,0.0,0.0,0.0013550135501355016,0.017615176151761516,0.04878048780487805,0.2127371273712737,0.002710027100271003,0.06775067750677506,0.19647696476964768,0.11653116531165313,0.1897018970189702,0.14092140921409213,0.0,0.0,0.0,0.0,0.028455284552845524,0.10569105691056913,0.043360433604336036,0.0013550135501355016,0.9986449864498644,0,1
f9a023f31c8087fd0c169b3bedd351d1,0,0.017241379310344827,0.0,0.0,0.0017241379310344827,0.006896551724137931,0.02413793103448276,0.06896551724137931,0.10172413793103448,0.006896551724137931,0.022413793103448282,0.11206896551724138,0.0913793103448276,0.08275862068965517,0.1086206896551724,0.003448275862068965,0.003448275862068965,0.0,0.1482758620689655,0.17758620689655172,0.0706896551724138,0.12758620689655173,0.003448275862068965,0.9965517241379308,0,1
373cc1cfc10a45488be6b97bd5e94c44,0,0.0,0.0,0.0,0.009216589861751152,0.018433179723502304,0.05069124423963134,0.05069124423963134,0.15207373271889402,0.009216589861751152,0.027649769585253458,0.04608294930875576,0.08294930875576037,0.013824884792626729,0.10599078341013823,0.0,0.004608294930875576,0.0,0.20276497695852536,0.16129032258064516,0.2119815668202765,0.11981566820276494,0.018433179723502304,0.9815668202764976,0,1
498556cd1dade09f21fea97d3c916875,0,0.009514747859181731,0.012369172216936251,0.0,0.0,0.0019029495718363464,0.029495718363463368,0.09800190294957184,0.12654614652711704,0.0019029495718363464,0.050428163653663184,0.2997145575642245,0.07516650808753568,0.11798287345385347,0.10466222645099904,0.019029495718363463,0.012369172216936251,0.005708848715509039,0.010466222645099905,0.015223596574690771,0.13035204567078973,0.1198858230256898,0.0009514747859181732,0.9990485252140818,0,1
c348d9bc6a152d8d34489a79ab9452a7,0,0.002570694087403599,0.0,0.007712082262210797,0.0,0.010282776349614395,0.04113110539845758,0.06426735218508997,0.02313624678663239,0.005141388174807198,0.030848329048843187,0.05655526992287916,0.20565552699228792,0.07969151670951156,0.06940874035989718,0.08226221079691516,0.12082262210796915,0.03598971722365039,0.002570694087403599,0.04113110539845758,0.11311053984575835,0.05141388174807198,0.007712082262210797,0.9922879177377892,0,1
4ceedf57303e127d31a164c7ae5791d8,0,0.013179571663920923,0.051070840197693576,0.008237232289950576,0.0,0.011532125205930808,0.0971993410214168,0.03953871499176277,0.019769357495881386,0.009884678747940693,0.0214168039538715,0.04777594728171335,0.044481054365733116,0.07084019769357495,0.029654036243822075,0.12355848434925865,0.057660626029654036,0.09390444810543658,0.11532125205930807,0.1169686985172982,0.08237232289950576,0.03789126853377265,0.0,1.0,0,1
3657af9de7395eaba0dbcbcaa6fd90be,0,0.0,0.0,0.0,0.0,0.026490066225165563,0.03311258278145696,0.03311258278145696,0.0728476821192053,0.0,0.039735099337748346,0.06622516556291391,0.046357615894039736,0.17218543046357615,0.046357615894039736,0.0728476821192053,0.07947019867549669,0.05960264900662252,0.039735099337748346,0.09271523178807947,0.17218543046357615,0.06622516556291391,0.006622516556291391,0.9933774834437086,0,1
75caad099f6f8c205e22e93826732c22,0,0.04972375690607735,0.0,0.001841620626151013,0.0,0.001841620626151013,0.03499079189686925,0.08103130755064457,0.14180478821362802,0.003683241252302026,0.014732965009208104,0.14732965009208104,0.11786372007366484,0.09392265193370164,0.12338858195211788,0.001841620626151013,0.0,0.0,0.009208103130755063,0.07550644567219153,0.19889502762430936,0.1252302025782689,0.003683241252302026,0.996316758747698,0,1
0bbe09e34a11e8e31cf49d6f8df2992d,0,0.02564102564102564,0.0,0.0,0.0,0.07326007326007326,0.04395604395604396,0.0695970695970696,0.2087912087912088,0.01098901098901099,0.03663003663003663,0.16117216117216118,0.054945054945054944,0.08791208791208792,0.10989010989010987,0.040293040293040296,0.01098901098901099,0.07692307692307693,0.02564102564102564,0.058608058608058615,0.18315018315018314,0.1684981684981685,0.003663003663003664,0.9963369963369964,0,1
5837d4e32e5382af65d33b4dfbd9f561,0,0.013582342954159592,0.0,0.0050933786078098476,0.0,0.03904923599320883,0.03056027164685908,0.13412563667232594,0.04414261460101868,0.0050933786078098476,0.013582342954159592,0.028862478777589125,0.02376910016977929,0.042444821731748725,0.07979626485568761,0.14431239388794567,0.11884550084889645,0.200339558573854,0.15110356536502548,0.05432937181663837,0.07130730050933788,0.05602716468590832,0.0,1.0,0,1
51016cd454b391dd0b0e23b2b16b6fc3,0,0.015267175572519085,0.0,0.0,0.0,0.05725190839694656,0.05343511450381679,0.09541984732824428,0.06870229007633588,0.011450381679389313,0.0076335877862595426,0.03816793893129771,0.019083969465648856,0.049618320610687015,0.08015267175572519,0.16030534351145034,0.10305343511450382,0.16412213740458015,0.1870229007633588,0.04198473282442748,0.08015267175572519,0.04580152671755725,0.0038167938931297713,0.9961832061068704,0,1
c80a47e4c53432d9ee8cd98c9ce13769,0,0.017878426698450536,0.0,0.011918951132300357,0.0,0.04052443384982122,0.04171632896305125,0.07389749702026223,0.044100119189511316,0.0023837902264600714,0.022646007151370686,0.10965435041716327,0.022646007151370686,0.09058402860548273,0.09177592371871277,0.1573301549463647,0.17163289630512515,0.08462455303933254,0.044100119189511316,0.05244338498212157,0.1132300357568534,0.057210965435041714,0.0011918951132300355,0.99880810488677,0,1
618ea23457368cf423b03d6b8fede992,0,0.005917159763313609,0.0,0.0,0.0,0.04142011834319527,0.0650887573964497,0.059171597633136085,0.15976331360946747,0.0,0.07100591715976333,0.1124260355029586,0.0,0.11834319526627216,0.15384615384615385,0.02366863905325444,0.1124260355029586,0.05325443786982249,0.09467455621301776,0.10650887573964496,0.1301775147928994,0.08284023668639054,0.0,1.0,0,1
a7772a34be22f0fd09f0ef36b6eb337f,0,0.0,0.0,0.0,0.0,0.0,0.02654867256637168,0.07964601769911504,0.09734513274336284,0.0,0.07079646017699115,0.22123893805309736,0.02654867256637168,0.1946902654867257,0.23893805309734514,0.0,0.0,0.0,0.1592920353982301,0.008849557522123894,0.0,0.11504424778761065,0.0,1.0,0,1
4b58730cdc153f4eeda0d1321e630ba4,0,0.029620853080568717,0.0035545023696682467,0.0035545023696682467,0.0,0.015402843601895734,0.02843601895734597,0.06516587677725119,0.07227488151658767,0.007109004739336493,0.017772511848341232,0.13981042654028436,0.09360189573459717,0.08293838862559241,0.10071090047393363,0.15402843601895735,0.04739336492890995,0.014218009478672985,0.0533175355450237,0.08293838862559241,0.06516587677725119,0.05568720379146919,0.0011848341232227491,0.9988151658767772,0,1
b367e71967b4701550ffce69e729ee6f,0,0.014778325123152709,0.0,0.0,0.0,0.06732348111658458,0.039408866995073885,0.054187192118226604,0.1724137931034483,0.009852216748768471,0.041050903119868636,0.08538587848932677,0.0755336617405583,0.10673234811165844,0.11330049261083745,0.090311986863711,0.0722495894909688,0.06732348111658458,0.04926108374384237,0.06239737274220032,0.11822660098522167,0.05747126436781608,0.0,1.0,0,1
c254dc11afbcc091678f0ab49a02e7ad,0,0.0163265306122449,0.010884353741496598,0.0013605442176870747,0.0,0.0047619047619047615,0.023129251700680267,0.03945578231292517,0.047619047619047616,0.014965986394557824,0.005442176870748299,0.2578231292517007,0.011564625850340135,0.010884353741496598,0.0217687074829932,0.0326530612244898,0.11360544217687076,0.025850340136054417,0.042857142857142864,0.08843537414965986,0.2571428571428571,0.11632653061224488,0.004081632653061225,0.9959183673469388,0,1
f08984b2adcbf33ba61fe13fcfa5b957,0,0.013986013986013986,0.0,0.0,0.0,0.02797202797202797,0.011655011655011656,0.02564102564102564,0.1864801864801865,0.0675990675990676,0.006993006993006993,0.11888111888111888,0.009324009324009324,0.02097902097902098,0.09557109557109557,0.0675990675990676,0.2097902097902098,0.04895104895104895,0.08391608391608392,0.1351981351981352,0.08624708624708624,0.08857808857808858,0.0,1.0,0,1
42920a6f15855662ee9a272fbe44cbd1,0,0.014545454545454544,0.0,0.0,0.0,0.005454545454545455,0.04181818181818182,0.04727272727272727,0.1509090909090909,0.003636363636363637,0.03818181818181818,0.1618181818181818,0.14545454545454545,0.08727272727272728,0.11636363636363635,0.0018181818181818184,0.003636363636363637,0.030909090909090917,0.012727272727272728,0.01818181818181818,0.2145454545454545,0.14545454545454545,0.0018181818181818184,0.9981818181818182,0,1
c32ada18ec4f2992e8c003ffeb73b97b,0,0.0053404539385847796,0.0,0.002670226969292389,0.0,0.0,0.04539385847797063,0.07476635514018691,0.11214953271028036,0.010680907877169559,0.03604806408544727,0.021361815754339118,0.2576769025367156,0.1842456608811749,0.29506008010680906,0.0,0.0,0.0,0.0,0.03337783711615487,0.04939919893190922,0.1548731642189586,0.002670226969292389,0.9973297730307076,0,1
0ad316f6b5cb5e81ebff73ae2490ccfe,0,0.004784688995215311,0.0,0.004784688995215311,0.0,0.0,0.0215311004784689,0.05980861244019139,0.18421052631578946,0.0023923444976076554,0.04784688995215311,0.045454545454545456,0.17942583732057416,0.19856459330143544,0.2368421052631579,0.0,0.0,0.0,0.0,0.019138755980861243,0.1076555023923445,0.12200956937799046,0.007177033492822968,0.992822966507177,0,1
5490e2abafb28c022e53b55ba6641122,0,0.029673590504451036,0.0,0.011869436201780416,0.0,0.002967359050445104,0.032640949554896145,0.04451038575667656,0.10089020771513353,0.005934718100890208,0.008902077151335312,0.3976261127596439,0.16023738872403562,0.07418397626112759,0.06528189910979229,0.0,0.002967359050445104,0.0,0.0,0.0,0.0,0.10385756676557864,0.0,1.0,0,1
213005fe5d815c539812614f1f6a7768,0,0.011695906432748536,0.0,0.0,0.0,0.12280701754385966,0.011695906432748536,0.029239766081871343,0.2982456140350877,0.017543859649122806,0.0935672514619883,0.005847953216374269,0.11695906432748535,0.08187134502923976,0.14619883040935672,0.04678362573099415,0.0,0.06432748538011697,0.04678362573099415,0.017543859649122806,0.017543859649122806,0.09941520467836257,0.0,1.0,0,1
a2018dae10d736a66eea5a0a349ef9ee,0,0.01556101556101556,0.001638001638001638,0.0,0.0,0.02620802620802621,0.04258804258804258,0.06633906633906632,0.08108108108108109,0.002457002457002457,0.009009009009009007,0.13104013104013104,0.1457821457821458,0.06552006552006552,0.1122031122031122,0.08435708435708436,0.08763308763308764,0.06388206388206387,0.0475020475020475,0.07043407043407042,0.08763308763308764,0.057330057330057325,0.001638001638001638,0.9983619983619983,0,1
c85f192a81fa83780e5c012175749eee,0,0.014749262536873156,0.0,0.0,0.0,0.02359882005899705,0.01327433628318584,0.029498525073746312,0.17256637168141592,0.002949852507374631,0.030973451327433624,0.12389380530973453,0.14896755162241887,0.09734513274336284,0.15781710914454278,0.014749262536873156,0.02507374631268436,0.028023598820058997,0.045722713864306784,0.06637168141592921,0.12831858407079647,0.06932153392330384,0.002949852507374631,0.9970501474926252,0,1
ae5a740ca930b9149f590179b0dde3f3,0,0.01646090534979424,0.009602194787379972,0.00411522633744856,0.0,0.0,0.009602194787379972,0.03566529492455418,0.05486968449931413,0.002743484224965707,0.006858710562414266,0.23593964334705075,0.10150891632373114,0.10425240054869683,0.10150891632373114,0.0,0.0,0.0,0.0,0.0,0.08367626886145405,0.24279835390946505,0.002743484224965707,0.9972565157750344,0,1
37a62c0ad48679cee5554655de294721,0,0.0,0.0,0.0,0.0,0.004830917874396135,0.014492753623188406,0.043478260869565216,0.06280193236714976,0.00966183574879227,0.00966183574879227,0.1642512077294686,0.09178743961352658,0.06280193236714976,0.10144927536231883,0.0,0.0,0.0,0.0,0.0,0.0966183574879227,0.3623188405797101,0.0,1.0,0,1
390943ce05959ac98c702d250c2ebb54,0,0.006024096385542169,0.0,0.0,0.0,0.05421686746987952,0.12048192771084335,0.0783132530120482,0.024096385542168683,0.0,0.0,0.006024096385542169,0.0,0.0,0.0,0.08433734939759037,0.0783132530120482,0.26506024096385544,0.21686746987951808,0.21084337349397592,0.13855421686746988,0.0,0.0,1.0,0,1
ce4baabfbcb1d43e22f7ba44b49f2714,0,0.0,0.0,0.011494252873563218,0.0,0.0,0.011494252873563218,0.1264367816091954,0.11494252873563215,0.03448275862068965,0.02298850574712644,0.28735632183908044,0.13793103448275862,0.1264367816091954,0.26436781609195403,0.0,0.0,0.0,0.0,0.0,0.0,0.0,0.0,1.0,0,1
23056d85a1c9115cd021a6ad35c84aff,0,0.014272121788772596,0.03158896289248335,0.00818268315889629,0.0,0.04376784015223597,0.03577545195052331,0.0686964795432921,0.07764034253092293,0.003805899143672693,0.013320647002854423,0.02302568981921979,0.020361560418648905,0.09743101807802093,0.10199809705042816,0.034823977164605134,0.142721217887726,0.06450999048525215,0.10142721217887726,0.10713606089438628,0.14843006660323502,0.09419600380589914,0.0013320647002854425,0.9986679352997144,0,1
9cdf9e07e226869d8da4a3e10ac65c62,0,0.01264591439688716,0.008754863813229572,0.009727626459143969,0.0,0.0,0.03599221789883268,0.059338521400778214,0.0933852140077821,0.006809338521400778,0.02626459143968872,0.08949416342412451,0.1186770428015564,0.2276264591439689,0.08268482490272372,0.0,0.0,0.0,0.0,0.02529182879377432,0.1254863813229572,0.05642023346303503,0.0009727626459143967,0.9990272373540856,0,1
6e6ae6bc648c6a00b4a4b7a8e976a41a,0,0.01492537313432836,0.0,0.0,0.0,0.0024875621890547268,0.01492537313432836,0.04228855721393035,0.16417910447761194,0.0049751243781094535,0.05223880597014925,0.08208955223880597,0.13930348258706468,0.19651741293532332,0.11940298507462685,0.0,0.0,0.0,0.0,0.024875621890547258,0.10945273631840796,0.03980099502487562,0.0024875621890547268,0.9975124378109452,0,1
118484c270085e811fbbc81978a269b2,0,0.002525252525252525,0.0,0.002525252525252525,0.0,0.0,0.04040404040404042,0.09343434343434344,0.08333333333333333,0.007575757575757577,0.047979797979797977,0.2424242424242425,0.2929292929292929,0.1111111111111111,0.11868686868686867,0.0,0.0,0.0,0.0,0.0,0.0,0.007575757575757577,0.0,1.0,0,1
8bdd60f700ed8368e66080eb6bb6d313,0,0.02631578947368421,0.0,0.0,0.0,0.0,0.01973684210526316,0.05921052631578948,0.18421052631578946,0.006578947368421052,0.05263157894736842,0.2434210526315789,0.21710526315789475,0.125,0.18421052631578946,0.0,0.0,0.0,0.0,0.0,0.0,0.03947368421052632,0.006578947368421052,0.9934210526315792,0,1
13b69fd4bf80b95756e3b138c9169a7f,0,0.0055248618784530384,0.0,0.001841620626151013,0.0,0.020257826887661142,0.02209944751381216,0.03683241252302026,0.05156537753222836,0.003683241252302026,0.007366482504604052,0.09944751381215468,0.06998158379373849,0.13259668508287292,0.08287292817679558,0.02209944751381216,0.016574585635359115,0.04972375690607735,0.1712707182320442,0.03499079189686925,0.10681399631675877,0.10865561694290976,0.001841620626151013,0.9981583793738492,0,1
600c486af5e3f2d1624d2fc872e20e16,0,0.01702127659574468,0.0,0.0,0.0,0.02553191489361702,0.01276595744680851,0.0425531914893617,0.1276595744680851,0.002127659574468085,0.014893617021276596,0.1723404255319149,0.13829787234042554,0.05106382978723404,0.08936170212765958,0.06382978723404255,0.05531914893617021,0.01914893617021277,0.10425531914893617,0.10425531914893617,0.0425531914893617,0.13829787234042554,0.0,1.0,0,1
3d21b63892749e921e3ff5818753bd67,0,0.017608897126969416,0.0,0.00185356811862836,0.00185356811862836,0.03892493049119555,0.030583873957367926,0.06672845227062095,0.11677479147358664,0.0046339202965709,0.04355885078776645,0.12696941612604262,0.0639481000926784,0.06487488415199258,0.10009267840593143,0.02873030583873957,0.061167747914735865,0.07877664504170527,0.1010194624652456,0.09082483781278962,0.12233549582947173,0.07506950880444857,0.003707136237256719,0.9962928637627432,0,1
bc97d7cb7c13c2a7ff4558bb12a3f047,0,0.006802721088435374,0.0,0.0,0.0,0.07482993197278913,0.013605442176870748,0.020408163265306117,0.0,0.006802721088435374,0.0,0.0,0.0,0.0,0.0,0.2993197278911565,0.2993197278911565,0.3809523809523809,0.013605442176870748,0.006802721088435374,0.0,0.0,0.0,1.0,0,1
5bcebbc4f704cffaf2e6ccaf1d1fb5c7,0,0.013513513513513514,0.0,0.0,0.0,0.013513513513513514,0.0,0.0,0.027027027027027032,0.0,0.013513513513513514,0.0,0.0,0.0,0.0,0.0,0.0,0.0,0.08108108108108109,0.33783783783783783,0.5675675675675675,0.013513513513513514,0.0,1.0,0,1
40bddb00475d65eddb68e9aeb6fab0de,0,0.0040844111640571815,0.0,0.013614703880190605,0.0013614703880190605,0.01974132062627637,0.04288631722260041,0.0742001361470388,0.08304969366916269,0.006807351940095303,0.02042205582028591,0.2838665759019741,0.057181756296800536,0.03744043567052417,0.14227365554799182,0.08441116405718176,0.09598366235534377,0.03267528931245745,0.043567052416609936,0.0381211708645337,0.08100748808713411,0.10142954390742,0.0034036759700476512,0.9965963240299524,0,1
3a36dc63a58442085d0ccd98c4f9c64a,0,0.02325581395348837,0.0,0.0,0.0,0.0132890365448505,0.019933554817275743,0.06312292358803986,0.14285714285714285,0.006644518272425249,0.04651162790697674,0.19269102990033224,0.17940199335548174,0.04651162790697674,0.11960132890365448,0.0,0.07308970099667775,0.0,0.039867109634551486,0.039867109634551486,0.06976744186046513,0.05980066445182725,0.0,1.0,0,1
1b3980ee40dc5d60ecae3b19cd41f49a,0,0.010752688172043013,0.0,0.0,0.0,0.017921146953405017,0.028673835125448032,0.07706093189964157,0.1129032258064516,0.0017921146953405016,0.057347670250896064,0.12365591397849462,0.16487455197132614,0.0913978494623656,0.12544802867383512,0.008960573476702509,0.021505376344086027,0.06093189964157706,0.07168458781362007,0.05555555555555555,0.07706093189964157,0.05197132616487455,0.0,1.0,0,1
e0b4fdba39475c05a3ac9e769cce9bfa,0,0.03282828282828283,0.0,0.0,0.0,0.007575757575757577,0.02525252525252525,0.060606060606060615,0.09848484848484848,0.002525252525252525,0.02525252525252525,0.10353535353535354,0.12626262626262627,0.14393939393939395,0.18181818181818185,0.0,0.030303030303030307,0.027777777777777776,0.060606060606060615,0.047979797979797977,0.05808080808080807,0.06818181818181818,0.007575757575757577,0.9924242424242424,0,1
6c82ad0e791258434fd42c51409b0239,0,0.012598425196850394,0.009448818897637795,0.0031496062992125984,0.0,0.0007874015748031496,0.03622047244094488,0.1062992125984252,0.0905511811023622,0.004724409448818898,0.044094488188976384,0.002362204724409449,0.03622047244094488,0.21653543307086606,0.2795275590551181,0.0,0.0,0.0,0.03228346456692913,0.031496062992125984,0.1,0.006299212598425197,0.0031496062992125984,0.9968503937007874,0,1
1a225367d52023424b6f4b2aa8632615,0,0.01973684210526316,0.0,0.0,0.0,0.006578947368421052,0.03618421052631579,0.09539473684210527,0.16447368421052633,0.0,0.05592105263157895,0.1118421052631579,0.12171052631578948,0.1611842105263158,0.16776315789473684,0.003289473684210526,0.0,0.0,0.03618421052631579,0.05263157894736842,0.12171052631578948,0.05263157894736842,0.003289473684210526,0.9967105263157896,0,1
5e39201e582b1bb89cae7f650e4330c8,0,0.021016617790811338,0.0029325513196480947,0.010752688172043013,0.0,0.0004887585532746823,0.028347996089931576,0.11827956989247312,0.11388074291300095,0.0039100684261974585,0.022482893450635387,0.5342130987292277,0.05131964809384165,0.14173998044965788,0.12756598240469208,0.0,0.0,0.0,0.0004887585532746823,0.0039100684261974585,0.009775171065493646,0.005865102639296189,0.004887585532746823,0.9951124144672532,0,1
0dca7ec6ba9b6e8f17f04f713a6be727,0,0.015748031496062992,0.002952755905511811,0.0,0.0,0.001968503937007874,0.010826771653543309,0.07677165354330709,0.33267716535433073,0.0,0.03740157480314961,0.5374015748031497,0.08661417322834647,0.11318897637795275,0.09645669291338582,0.0,0.0,0.0,0.0,0.002952755905511811,0.001968503937007874,0.002952755905511811,0.0,1.0,0,1
1f12f1e1b9e7a20d4ad9dd549ec072c0,0,0.022727272727272728,0.017045454545454544,0.0,0.0,0.0,0.011363636363636364,0.05681818181818181,0.125,0.005681818181818182,0.028409090909090905,0.3125,0.1534090909090909,0.09659090909090907,0.13068181818181818,0.0,0.0,0.0,0.0,0.005681818181818182,0.06818181818181818,0.05681818181818181,0.0,1.0,0,1
c27a276b623c751a6b0a8ad6243d681d,0,0.021739130434782608,0.0,0.0,0.0,0.06521739130434782,0.0,0.0,0.08695652173913042,0.0,0.021739130434782608,0.021739130434782608,0.0,0.10869565217391304,0.17391304347826084,0.06521739130434782,0.10869565217391304,0.15217391304347827,0.043478260869565216,0.13043478260869565,0.06521739130434782,0.06521739130434782,0.0,1.0,0,1
585eead66aaf3b2e140d480979184ae6,0,0.018633540372670808,0.004140786749482402,0.010351966873706004,0.0,0.0,0.012422360248447204,0.045548654244306416,0.043478260869565216,0.0,0.02691511387163561,0.07039337474120083,0.09730848861283643,0.3146997929606625,0.2691511387163561,0.0,0.0,0.0,0.0,0.0,0.0,0.008281573498964804,0.006211180124223602,0.9937888198757764,0,1
a36f5dfa4f08cdfe64594061ba76f30e,0,0.0,0.0,0.0,0.0,0.0,0.0,0.025974025974025976,0.1948051948051948,0.0,0.025974025974025976,0.03896103896103896,0.11688311688311688,0.35064935064935066,0.24675324675324675,0.0,0.0,0.0,0.0,0.0,0.0,0.012987012987012988,0.012987012987012988,0.987012987012987,0,1
e6017ce062eb324ab446e9983afba369,0,0.024,0.0,0.0,0.0,0.0,0.0,0.048,0.064,0.008,0.016,0.128,0.096,0.21600000000000005,0.17600000000000002,0.0,0.032,0.008,0.016,0.024,0.064,0.064,0.016,0.984,0,1
0671c2b9132a3f5215a4212ce0691694,0,0.2290094339622641,0.06533018867924527,0.024764150943396228,0.0,0.0009433962264150943,0.014858490566037738,0.11839622641509435,0.16179245283018867,0.004245283018867925,0.01816037735849056,0.04976415094339623,0.14952830188679245,0.11981132075471695,0.1544811320754717,0.0,0.0,0.0,0.0,0.0,0.15660377358490565,0.053066037735849066,0.002594339622641509,0.9974056603773584,0,1
0f38be2df6854b4374f06cae1bc38482,0,0.13687150837988826,0.0,0.0,0.0,0.002793296089385475,0.008379888268156423,0.10195530726256984,0.3107541899441341,0.004189944134078211,0.03701117318435754,0.05377094972067039,0.018156424581005588,0.14804469273743018,0.18994413407821228,0.0,0.0,0.0,0.0,0.0,0.17667597765363127,0.07681564245810056,0.002793296089385475,0.9972067039106144,0,1
bc4d7296a37f5dfa0944b3274229b0a0,0,0.021052631578947368,0.0,0.010526315789473684,0.0,0.013157894736842105,0.02894736842105263,0.0868421052631579,0.10789473684210528,0.002631578947368421,0.010526315789473684,0.11842105263157895,0.09473684210526316,0.05526315789473684,0.0868421052631579,0.060526315789473685,0.06315789473684211,0.02894736842105263,0.06315789473684211,0.09736842105263158,0.12105263157894736,0.18157894736842106,0.002631578947368421,0.9973684210526316,0,1
3d3d13446c52ecaaed5d0bf55a933d4d,0,0.0206896551724138,0.0,0.0,0.0,0.0206896551724138,0.0,0.07586206896551724,0.1310344827586207,0.0,0.0206896551724138,0.06896551724137931,0.1103448275862069,0.041379310344827586,0.06896551724137931,0.05517241379310345,0.041379310344827586,0.08275862068965517,0.05517241379310345,0.08275862068965517,0.14482758620689656,0.1103448275862069,0.0,1.0,0,1
8ca06ab9bced028b2f180d4fa0527588,0,0.01453488372093023,0.0,0.005813953488372093,0.0,0.011627906976744186,0.034883720930232565,0.06686046511627906,0.09883720930232558,0.005813953488372093,0.04941860465116279,0.14534883720930233,0.06686046511627906,0.10465116279069768,0.2732558139534884,0.0,0.01453488372093023,0.011627906976744186,0.1686046511627907,0.07848837209302326,0.04941860465116279,0.0,0.0,1.0,0,1
1c619f92929dbaa41df54608dc70a7ce,0,0.01098901098901099,0.0,0.0,0.0,0.02197802197802198,0.04395604395604396,0.054945054945054944,0.1153846153846154,0.005494505494505495,0.04945054945054945,0.054945054945054944,0.19230769230769232,0.1043956043956044,0.1153846153846154,0.0,0.005494505494505495,0.01098901098901099,0.14285714285714285,0.12637362637362634,0.06593406593406594,0.0,0.0,1.0,0,1
d57911cca4b08f7b46417d952c0ca1dc,0,0.02296166569371473,0.013426736719206071,0.007589025102159953,0.004864759680871765,0.007199844327690212,0.023740027242654213,0.053706946876824285,0.06168515275345397,0.005253940455341506,0.010507880910683012,0.1356294999027048,0.010507880910683012,0.06713368359603035,0.13446195757929558,0.02276707530647986,0.03833430628526952,0.02082117143413116,0.14341311539209964,0.14419147694103912,0.1778556139326717,0.06518777972368164,0.007589025102159953,0.99241097489784,0,1
4557c7e5af70efd2e3ca2befd59ccdc3,0,0.011824324324324323,0.0,0.0,0.0,0.020270270270270268,0.03462837837837838,0.08023648648648649,0.10219594594594594,0.002533783783783784,0.05067567567567568,0.1241554054054054,0.10557432432432433,0.08614864864864864,0.06587837837837837,0.0,0.0,0.0920608108108108,0.07347972972972973,0.10304054054054054,0.15962837837837834,0.08530405405405406,0.002533783783783784,0.9974662162162162,0,1
d32bc6c4069b86ba9e9d7d651dbf1a1e,0,0.02613065326633166,0.0020100502512562816,0.0,0.0,0.022110552763819097,0.02914572864321608,0.14170854271356784,0.1628140703517588,0.005025125628140704,0.02110552763819096,0.16080402010050251,0.024120603015075376,0.1527638190954774,0.18592964824120609,0.004020100502512563,0.024120603015075376,0.033165829145728645,0.035175879396984924,0.0,0.011055276381909548,0.1909547738693468,0.0020100502512562816,0.9979899497487436,0,1
5ff2d52d31bf9ad42924a35c4729ffdb,0,0.016722408026755852,0.0,0.0,0.0,0.0,0.033444816053511704,0.13377926421404682,0.2374581939799331,0.006688963210702341,0.010033444816053512,0.5083612040133779,0.13043478260869565,0.08361204013377926,0.12709030100334448,0.0,0.0,0.0,0.0,0.0,0.0,0.026755852842809364,0.0,1.0,0,1
2e35421c34fb588ba40a0c57b3971d24,0,0.016463774333672982,0.02343540515900681,0.047567973400547005,0.0007507910119590282,0.015015820239180562,0.03855848125703867,0.08725264117552421,0.06746393521746126,0.004880141577733684,0.017536332922185874,0.08934413042312436,0.08183622030353407,0.11063441840510538,0.10355553172092026,0.07824314903201587,0.09282994583579128,0.048801415777336835,0.05899072236820936,0.0663377486995227,0.0999088325199764,0.08483938435137019,0.003861210918646432,0.9961387890813536,0,1
ffdad3ddbaf6c76c9bba1b48c51e03c6,0,0.02771618625277162,0.008869179600886918,0.004434589800443459,0.0,0.015521064301552109,0.036585365853658534,0.1008869179600887,0.07760532150776052,0.004434589800443459,0.02328159645232816,0.14745011086474502,0.04878048780487805,0.08425720620842572,0.07649667405764966,0.07095343680709534,0.043237250554323724,0.01662971175166297,0.08203991130820401,0.12195121951219512,0.1164079822616408,0.1197339246119734,0.0022172949002217295,0.9977827050997784,0,1
6411de56554a998e78ae1317fc956e19,0,0.02631578947368421,0.0,0.0,0.0,0.0075187969924812035,0.0,0.06390977443609022,0.12781954887218044,0.003759398496240601,0.03383458646616541,0.11278195488721805,0.08646616541353383,0.13157894736842105,0.10526315789473684,0.030075187969924814,0.06015037593984963,0.03383458646616541,0.06015037593984963,0.07142857142857142,0.09022556390977443,0.10150375939849623,0.0075187969924812035,0.9924812030075189,0,1
fd84644da59504bd9e9dcb4b6db63bea,0,0.013955342902711323,0.01594896331738437,0.019138755980861243,0.0,0.009170653907496013,0.029904306220095694,0.10685805422647528,0.0817384370015949,0.006778309409888357,0.027113237639553436,0.08014354066985646,0.05303030303030303,0.15390749601275916,0.29186602870813394,0.0733652312599681,0.022328548644338118,0.023125996810207338,0.049840510366826164,0.027910685805422646,0.10805422647527912,0.07934609250398722,0.0027910685805422647,0.9972089314194578,0,1
37e2a39e829495d13b6cbb5320413e48,0,0.02019002375296912,0.0011876484560570072,0.004750593824228029,0.0,0.02256532066508313,0.04631828978622328,0.07007125890736343,0.0997624703087886,0.009501187648456056,0.011876484560570073,0.0997624703087886,0.060570071258907364,0.0985748218527316,0.0855106888361045,0.0,0.165083135391924,0.043942992874109264,0.02256532066508313,0.11282660332541568,0.13539192399049882,0.10807600950118763,0.0023752969121140144,0.997624703087886,0,1
40d98a2375332cb635d4cb28ab68e087,0,0.027439024390243903,0.0,0.0,0.0,0.027439024390243903,0.018292682926829267,0.051829268292682924,0.14634146341463414,0.009146341463414634,0.054878048780487805,0.11890243902439025,0.08841463414634146,0.10365853658536583,0.10060975609756098,0.0,0.0701219512195122,0.018292682926829267,0.018292682926829267,0.11890243902439025,0.12195121951219512,0.13414634146341464,0.0,1.0,0,1
29f175b6bccc264e8141481dcda8102d,0,0.021413276231263385,0.0,0.0,0.0032119914346895075,0.04710920770877945,0.02462526766595289,0.03640256959314775,0.07494646680942184,0.002141327623126339,0.007494646680942184,0.08886509635974305,0.028907922912205567,0.05353319057815846,0.06852248394004283,0.13383297644539616,0.14668094218415414,0.1284796573875803,0.07922912205567452,0.0728051391862955,0.09957173447537472,0.0728051391862955,0.0032119914346895075,0.9967880085653104,0,1
49d1447a5d1a218169eef2ea58cdc149,0,0.012987012987012988,0.002597402597402597,0.007792207792207792,0.0,0.007792207792207792,0.041558441558441565,0.08051948051948052,0.05194805194805195,0.005194805194805196,0.015584415584415584,0.08831168831168831,0.13246753246753246,0.13246753246753246,0.16363636363636366,0.03116883116883117,0.15324675324675324,0.0,0.02337662337662337,0.05974025974025974,0.0,0.007792207792207792,0.002597402597402597,0.9974025974025974,0,1
174ef25d9556d516a813e2972f3b8351,0,0.018108651911468814,0.0,0.0060362173038229355,0.0,0.01006036217303823,0.0482897384305835,0.0523138832997988,0.08249496981891348,0.008048289738430584,0.03219315895372234,0.060362173038229376,0.056338028169014086,0.16096579476861167,0.2293762575452717,0.01609657947686117,0.07243460764587525,0.06438631790744467,0.0523138832997988,0.04024144869215292,0.03219315895372234,0.0925553319919517,0.0,1.0,0,1
d709ff164dc53eb7b8470e84c2b60974,0,0.007936507936507936,0.0,0.0,0.0,0.007936507936507936,0.015873015873015872,0.031746031746031744,0.1349206349206349,0.007936507936507936,0.015873015873015872,0.1111111111111111,0.0,0.12698412698412698,0.37301587301587297,0.0,0.0,0.0,0.03968253968253968,0.07936507936507936,0.047619047619047616,0.10317460317460317,0.0,1.0,0,1
5b7a30a9e6a43b170ad4d9e00d8d9359,0,0.01833430856251219,0.034913204603081734,0.003900916715428126,0.00039009167154281264,0.03647357128925297,0.026526233664911254,0.0992783304076458,0.0928418178271894,0.0042910083869709395,0.014628437682855471,0.17320070216500874,0.07821338014433392,0.028671737858396724,0.04291008386970938,0.08464989272479033,0.1589623561536961,0.028086600351082503,0.1456992393212405,0.025355958650282808,0.1088355763604447,0.07392237175736298,0.001365320850399844,0.9986346791496,0,1
a0c96bb1b4117eeeae27b77a1381f55f,0,0.014063435068821066,0.0047875523638539795,0.0,0.0008976660682226213,0.07330939557151406,0.022142429682824656,0.0807899461400359,0.15409934171154996,0.009275882704967086,0.016457211250748054,0.14153201675643326,0.06433273488928785,0.03321364452423698,0.03111909036505087,0.07121484141232795,0.1538001196888091,0.08827049670855774,0.09545182525433872,0.05655296229802514,0.15140634350688212,0.07510472770795931,0.002393776181926989,0.997606223818073,0,1
411e1404e183718207628232e91ce5a9,4,0.0,0.0,0.0,0.0,0.013513513513513514,0.027027027027027032,0.027027027027027032,0.027027027027027032,0.0,0.0,0.10810810810810813,0.06756756756756757,0.06756756756756757,0.040540540540540536,0.0,0.12162162162162166,0.040540540540540536,0.08108108108108109,0.12162162162162166,0.0945945945945946,0.12162162162162166,0.0,1.0,5,8
abf2d3cb446492ee7897087db9a0b2a0,6,0.024761904761904763,0.01904761904761905,0.0761904761904762,0.0,0.03047619047619048,0.0380952380952381,0.14857142857142858,0.08,0.005714285714285714,0.013333333333333334,0.07809523809523809,0.05333333333333334,0.045714285714285714,0.049523809523809526,0.09523809523809523,0.07809523809523809,0.09523809523809523,0.22666666666666666,0.1295238095238095,0.009523809523809523,0.08,1.0,0.0,6,6
4534ea61b50410b3b6243e02b40c8cd1,6,0.013368810435459795,0.01564021026672724,0.03517424881562723,0.0,0.028035563631643844,0.026023752352521246,0.10467908365241092,0.11000064897138036,0.005710948147186709,0.017392432993704982,0.09922772405736907,0.08209487961580894,0.05516256733078071,0.0978648841586086,0.07060808618339931,0.08722175352066974,0.0952689986371601,0.06087351547796744,0.061198001168148476,0.11305081445908235,0.09974690116165877,1.0,0.0,6,6
a586c072b4a3958ac72a6fff71730cb3,4,0.011443661971830986,0.0,0.0017605633802816902,0.0,0.01936619718309859,0.08538732394366197,0.05369718309859155,0.0801056338028169,0.02112676056338028,0.01056338028169014,0.10827464788732394,0.08450704225352113,0.029049295774647887,0.03345070422535211,0.029049295774647887,0.036971830985915485,0.06161971830985916,0.08450704225352113,0.11091549295774647,0.19982394366197184,0.11443661971830985,0.0017605633802816902,0.9982394366197184,5,8
547bbdaa191bdb83d5b5b376bf2402fb,4,0.0037926675094816687,0.03034134007585335,0.011378002528445006,0.0,0.013906447534766121,0.05056890012642225,0.08470290771175727,0.14538558786346398,0.006321112515802781,0.010113780025284451,0.11630847029077115,0.07838179519595449,0.05941845764854613,0.051833122629582805,0.01643489254108723,0.025284450063211124,0.10745891276864727,0.0,0.0,0.14917825537294566,0.3299620733249052,0.0012642225031605564,0.9987357774968394,5,8
dd1935ffd0ee2b6ec159ba7867d11e57,4,0.0042313117066290545,0.002820874471086037,0.0014104372355430185,0.0014104372355430185,0.0380818053596615,0.08180535966149506,0.06770098730606489,0.03526093088857546,0.0056417489421720715,0.0042313117066290545,0.028208744710860368,0.02256699576868829,0.04090267983074753,0.039492242595204514,0.19322990126939352,0.19605077574047955,0.1988716502115656,0.002820874471086037,0.062059238363892814,0.11847672778561355,0.04513399153737658,0.002820874471086037,0.997179125528914,5,8
3da22f1b88a20ea8efc3d83fcb872e21,4,0.021604938271604937,0.009259259259259259,0.018518518518518517,0.0,0.021604938271604937,0.05864197530864197,0.05246913580246913,0.10185185185185183,0.006172839506172839,0.021604938271604937,0.02469135802469136,0.06790123456790123,0.037037037037037035,0.05246913580246913,0.0,0.0,0.027777777777777776,0.2962962962962963,0.21604938271604932,0.1882716049382716,0.0308641975308642,0.0,1.0,5,8
9e5dd3c1d252136c4351b84589dae2b5,4,0.018518518518518517,0.012345679012345678,0.015432098765432096,0.0,0.009259259259259259,0.07716049382716049,0.10802469135802467,0.11419753086419752,0.021604938271604937,0.021604938271604937,0.040123456790123455,0.06790123456790123,0.13271604938271606,0.0925925925925926,0.0,0.0,0.0,0.07407407407407407,0.07407407407407407,0.19444444444444445,0.06481481481481481,0.0,1.0,5,8
8e5d2c3f2476cb5c507dd0f00f6eabda,4,0.022222222222222227,0.0,0.0,0.0,0.022222222222222227,0.04444444444444445,0.08888888888888889,0.022222222222222227,0.022222222222222227,0.0,0.04444444444444445,0.0,0.2,0.06666666666666668,0.0,0.0,0.0,0.3555555555555556,0.13333333333333333,0.13333333333333333,0.04444444444444445,0.0,1.0,5,8
55447a73ff140176f4210347854c71f1,4,0.014192139737991268,0.006550218340611353,0.013100436681222708,0.0,0.005458515283842794,0.05676855895196506,0.06550218340611354,0.10043668122270742,0.007641921397379912,0.024017467248908297,0.055676855895196505,0.09388646288209608,0.03711790393013102,0.18449781659388648,0.004366812227074236,0.02510917030567685,0.016375545851528384,0.004366812227074236,0.001091703056768559,0.24890829694323144,0.2827510917030568,0.002183406113537118,0.9978165938864628,5,8
41e2bee39c1d3ef52fcedd69d0ab8c8c,10,0.0,0.0,0.0,0.0,0.020408163265306117,0.020408163265306117,0.061224489795918366,0.12244897959183673,0.0,0.040816326530612235,0.08163265306122447,0.061224489795918366,0.020408163265306117,0.061224489795918366,0.040816326530612235,0.14285714285714285,0.020408163265306117,0.061224489795918366,0.1020408163265306,0.040816326530612235,0.24489795918367346,0.0,1.0,4,2
2bc9e1d807d8f9187b8650acd35a14e5,10,0.0,0.0,0.0,0.0,0.0,0.0,0.0,0.0,0.0,0.0,0.0,0.5,0.0,0.5,0.0,0.0,0.0,0.0,0.0,0.0,0.0,0.0,1.0,4,2
7162b3182cd93dd197257b0339627554,3,0.0,0.0,0.0,0.005263157894736842,0.0,0.0,0.015789473684210527,0.015789473684210527,0.0,0.0,0.18947368421052632,0.1,0.005263157894736842,0.0,0.005263157894736842,0.005263157894736842,0.04736842105263158,0.036842105263157884,0.16842105263157894,0.2,0.23157894736842105,0.010526315789473684,0.9894736842105264,3,9
630b051b117d509fc00a7c72328b1ddf,1,0.0,0.0,0.0,0.0,0.0,0.0,0.0,0.0,0.0,0.0,0.5,0.16666666666666666,0.16666666666666666,0.0,0.0,0.0,0.0,0.0,0.0,0.0,0.16666666666666666,0.0,1.0,8,4
7da116bd1d42f3475803402e710253cf,0,0.011040092969203951,0.002324230098779779,0.00987797791981406,0.002905287623474724,0.037187681580476466,0.04067402672864614,0.11040092969203953,0.05229517722254503,0.004067402672864613,0.008134805345729227,0.04241719930273097,0.034863451481696686,0.036606624055781516,0.10168506682161534,0.0,0.18710052295177226,0.24578733294596164,0.10400929692039512,0.055200464846019766,0.12492736780941313,0.029052876234747237,0.005810575246949448,0.9941894247530504,0,1
59af761735fbd646f8a8f98dc88f6fab,2,0.040816326530612235,0.0,0.040816326530612235,0.0,0.061224489795918366,0.1020408163265306,0.14285714285714285,0.061224489795918366,0.0,0.0,0.0,0.0,0.0,0.0,0.12244897959183673,0.020408163265306117,0.14285714285714285,0.3877551020408163,0.24489795918367346,0.0,0.020408163265306117,0.0,1.0,8,4
3454ea52396a4cfd3fc37414d30c7b9c,0,0.12165079365079365,0.039873015873015866,0.04393650793650793,0.008634920634920634,0.03898412698412698,0.034666666666666665,0.11123809523809523,0.08876190476190476,0.004317460317460317,0.011936507936507936,0.07746031746031748,0.021206349206349208,0.07720634920634921,0.07568253968253967,0.05511111111111111,0.13587301587301587,0.02946031746031746,0.15314285714285714,0.07873015873015872,0.12012698412698412,0.10666666666666667,0.010285714285714285,0.9897142857142858,0,1
b08b7321c4db8f45a1a97a79d1e44dd8,0,0.09872313920896916,0.0015571473061351605,0.0,0.003114294612270321,0.06259732170663344,0.02211149174711928,0.0990345686701962,0.15976331360946747,0.004048582995951417,0.01930862659607599,0.08128308938025537,0.048582995951417005,0.08564310183743383,0.07723450638430396,0.03737153534724385,0.11522890065400185,0.049828713796325134,0.12083463095608846,0.07256306446589847,0.12893179694799128,0.10837745250700716,0.0049828713796325145,0.9950171286203676,0,1
7c829a5a8a0e4408b682f4394783483e,8,0.0,0.0,0.0,0.0,0.0,0.0,0.0,0.0075187969924812035,0.0,0.0,0.2781954887218045,0.17293233082706766,0.0,0.0075187969924812035,0.022556390977443608,0.022556390977443608,0.03759398496240601,0.09022556390977443,0.09022556390977443,0.12781954887218044,0.14285714285714285,0.0,1.0,2,3
b3fca69c356bec270dc3a90f8b498883,9,0.0,0.0,0.0,0.0,0.0,0.0,0.0,0.5,0.0,0.0,0.0,0.0,0.0,0.0,0.0,0.0,0.0,0.0,0.0,0.0,0.0,0.0,1.0,2,3
3b4407288e2983a514a241c9b84b7094,10,0.0,0.0,0.0,0.1111111111111111,0.0,0.0,0.0,0.1111111111111111,0.0,0.0,0.0,0.0,0.2222222222222222,0.0,0.0,0.2222222222222222,0.0,0.0,0.0,0.0,0.0,0.1111111111111111,0.8888888888888888,4,2
7e3713530b46887cff58a2e2ac433ac5,9,0.012345679012345678,0.031746031746031744,0.006172839506172839,0.0,0.13668430335097,0.016754850088183417,0.10846560846560846,0.2583774250440917,0.003527336860670194,0.04056437389770723,0.0582010582010582,0.10317460317460317,0.031746031746031744,0.04850088183421517,0.043209876543209874,0.10758377425044093,0.0873015873015873,0.16137566137566134,0.047619047619047616,0.19753086419753085,0.054673721340388004,0.0008818342151675485,0.9991181657848324,2,3
c85bd735a203c905716bc8fba284d02a,7,0.0,0.0,0.0,0.0,0.0,0.03571428571428571,0.03571428571428571,0.14285714285714285,0.017857142857142856,0.03571428571428571,0.0,0.03571428571428571,0.0,0.5714285714285714,0.017857142857142856,0.017857142857142856,0.0,0.125,0.17857142857142858,0.0,0.03571428571428571,0.0,1.0,7,7
3bc993e0f0c636e9aaaefa0356bdecc0,0,0.012468827930174564,0.0,0.0,0.0,0.06483790523690773,0.037406483790523685,0.05735660847880299,0.0798004987531172,0.0,0.017456359102244388,0.06982543640897755,0.037406483790523685,0.06982543640897755,0.114713216957606,0.114713216957606,0.08478802992518704,0.16957605985037408,0.08728179551122195,0.05236907730673317,0.054862842892768084,0.04738154613466334,0.0,1.0,0,1
30b6a9b1621f558d788ffb3d07a19281,0,0.016593886462882096,0.0,0.0008733624454148473,0.004366812227074236,0.02183406113537117,0.02183406113537117,0.07161572052401746,0.027074235807860263,0.002620087336244541,0.008733624454148471,0.06375545851528384,0.06462882096069869,0.08034934497816594,0.1074235807860262,0.16244541484716155,0.028820960698689963,0.02794759825327511,0.12314410480349346,0.06462882096069869,0.03755458515283843,0.13100436681222707,0.006113537117903929,0.993886462882096,0,1
4ef261b089aa567ef24778fae254bfe2,0,0.02145922746781116,0.0,0.0,0.0,0.008583690987124462,0.03433476394849785,0.055793991416309016,0.055793991416309016,0.0,0.004291845493562232,0.0944206008583691,0.04291845493562232,0.10300429184549356,0.1802575107296137,0.15879828326180254,0.008583690987124462,0.0,0.0,0.0,0.017167381974248927,0.30472103004291845,0.004291845493562232,0.9957081545064378,0,1
24549e47832f72f647d40a86b43b6925,0,0.01935483870967742,0.0,0.0,0.0,0.0,0.012903225806451613,0.025806451612903226,0.07741935483870968,0.0064516129032258064,0.01935483870967742,0.23225806451612904,0.025806451612903226,0.17419354838709675,0.24516129032258066,0.025806451612903226,0.0,0.0,0.0,0.0,0.0064516129032258064,0.2,0.0,1.0,0,1
b272ba3f4adb1dd16eaac1b53940629e,5,0.0,0.0,0.0,0.0,0.0,0.0,0.0,0.12,0.0,0.04,0.2,0.04,0.04,0.0,0.08,0.0,0.04,0.0,0.04,0.32,0.2,0.04,0.96,1,5
727673fa3e457bc596532b3eb26b23a0,0,0.017597087378640776,0.04156553398058253,0.0003033980582524272,0.0,0.012742718446601941,0.0625,0.06765776699029126,0.03003640776699029,0.008191747572815534,0.03762135922330097,0.12439320388349515,0.02275485436893204,0.030946601941747576,0.08495145631067963,0.04945388349514563,0.13319174757281554,0.06614077669902912,0.037014563106796114,0.04763349514563107,0.22936893203883496,0.14199029126213591,0.0027305825242718447,0.9972694174757282,0,1
d5bc9e14d090330cd07e6ccbcb3c3e4e,0,0.02355946636389441,0.04286119784274766,0.011070110701107009,0.0,0.007663922793074085,0.06982685211467499,0.07692307692307693,0.0411581038887312,0.004825432869713314,0.029804144195288106,0.11808118081180813,0.04541583877377235,0.06528526823729776,0.15640079477717855,0.06556911722963384,0.06670451319897815,0.05194436559750213,0.018734033494181096,0.04059040590405904,0.2812943514050525,0.059040590405904064,0.0005676979846721544,0.9994323020153278,0,1
b9d929195dcd4e6a36e5e65891746b5e,0,0.023148148148148147,0.018518518518518517,0.0,0.0,0.0,0.050925925925925916,0.10185185185185183,0.0949074074074074,0.011574074074074072,0.025462962962962958,0.27546296296296297,0.034722222222222224,0.04629629629629629,0.16898148148148148,0.04861111111111111,0.0023148148148148147,0.0023148148148148147,0.08796296296296298,0.12037037037037035,0.06944444444444445,0.1226851851851852,0.0,1.0,0,1
1c234775cae774823f38abe6721e61a4,0,0.00972972972972973,0.004324324324324324,0.0,0.0,0.09405405405405404,0.04216216216216216,0.08108108108108109,0.046486486486486484,0.007567567567567566,0.012972972972972972,0.07567567567567568,0.006486486486486486,0.023783783783783784,0.0572972972972973,0.1308108108108108,0.09837837837837836,0.33945945945945943,0.13513513513513514,0.02054054054054054,0.06162162162162161,0.03783783783783784,0.0,1.0,0,1
